Kernel Type, Buffers, Queue Type, Unroll, ERT FLOPs, Elements per Bank, Data Type, Frequency (MHz), DSP blocks, LUTs
ndrange,1,coalesced,2,1515,0,float,284.73,758,88005
ndrange,1,coalesced,2,1,0,float,289.93,1,64456
ndrange,1,coalesced,4,1,0,float,302.29,1,64401
ndrange,2,coalesced,1,1,0,float,271.14,2,71600
ndrange,2,coalesced,2,757,0,float,283.28,758,93941
ndrange,2,coalesced,4,1,0,float,306.74,2,71050
swi,1,coalesced,1024,1,0,float,162.31,1024,188826
swi,1,coalesced,128,16,0,float,256.6,1152,115054
swi,1,coalesced,128,1,0,double,233.31,0,188433
swi,1,coalesced,128,1,0,float,255.55,128,76618
swi,1,coalesced,128,1,0,int,253.29,128,104210
swi,1,coalesced,128,1,0,long,244.43,128,151001
swi,1,coalesced,128,21,0,float,243.72,1408,122986
swi,1,coalesced,128,2,0,long,224.71,1024,254602
swi,1,coalesced,128,7,0,int,227.32,1280,236848
swi,1,coalesced,12,1,0,float,178.92,12,76180
swi,1,coalesced,16,128,0,float,237.81,1040,97296
swi,1,coalesced,16,15,0,double,240.84,448,277935
swi,1,coalesced,16,16,0,double,244.79,576,312203
swi,1,coalesced,16,16,0,float,245.09,144,71019
swi,1,coalesced,16,16,0,long,259.47,912,175761
swi,1,coalesced,16,186,0,float,236.4,1504,111661
swi,1,coalesced,16,187,0,float,237.07,1504,111674
swi,1,coalesced,16,1,0,float,255.1,16,66208
swi,1,coalesced,16,1,0,int,254.0,16,69940
swi,1,coalesced,16,1,0,long,257.59,16,79906
swi,1,coalesced,16,27,0,long,212.63,1300,264888
swi,1,coalesced,16,2,0,float,235.79,32,66491
swi,1,coalesced,16,32,0,float,242.89,272,75565
swi,1,coalesced,16,4,0,float,246.73,48,67022
swi,1,coalesced,16,63,0,int,256.21,1504,219337
swi,1,coalesced,16,64,0,float,253.42,528,83760
swi,1,coalesced,16,8,0,float,244.08,80,67938
swi,1,coalesced,1,1010,0,int,228.15,1516,217187
swi,1,coalesced,1,1024,0,float,244.2,513,80350
swi,1,coalesced,1,128,0,float,255.23,65,66198
swi,1,coalesced,1,128,0,int,265.6,193,82293
swi,1,coalesced,1,16,0,float,269.03,9,64883
swi,1,coalesced,1,16,0,int,273.37,25,66491
swi,1,coalesced,1,1,0,double,243.66,0,65281
swi,1,coalesced,1,1,0,float,268.31,1,64481
swi,1,coalesced,1,1,0,int,259.53,1,64675
swi,1,coalesced,1,1,0,long,250.37,1,64842
swi,1,coalesced,1,2048,0,float,247.95,1025,96099
swi,1,coalesced,1,216,0,long,258.66,757,139856
swi,1,coalesced,1,220,0,long,262.32,771,141237
swi,1,coalesced,1,236,0,long,268.45,827,147167
swi,1,coalesced,1,256,0,float,245.94,129,68249
swi,1,coalesced,1,256,0,int,264.41,385,100057
swi,1,coalesced,1,256,0,long,272.33,897,153284
swi,1,coalesced,1,2,0,float,269.03,2,64573
swi,1,coalesced,1,2,0,int,258.79,4,65002
swi,1,coalesced,1,3030,0,float,249.62,1516,111112
swi,1,coalesced,1,3031,0,float,252.9,1516,111052
swi,1,coalesced,1,3032,0,float,256.14,1517,111114
swi,1,coalesced,1,3033,0,float,254.45,1517,111109
swi,1,coalesced,1,314,0,double,266.88,632,350840
swi,1,coalesced,1,315,0,double,266.73,628,350069
swi,1,coalesced,1,317,0,double,207.12,632,352024
swi,1,coalesced,1,32,0,float,239.98,17,64990
swi,1,coalesced,1,32,0,int,270.34,49,68645
swi,1,coalesced,1,420,0,long,189.28,1313,256052
swi,1,coalesced,1,425,0,long,212.4,1311,262105
swi,1,coalesced,1,426,0,long,208.02,1310,267108
swi,1,coalesced,1,428,0,long,216.96,1309,287659
swi,1,coalesced,1,4,0,float,253.03,3,64508
swi,1,coalesced,1,4,0,int,259.6,7,65334
swi,1,coalesced,1,505,0,int,261.43,757,138590
swi,1,coalesced,1,512,0,float,245.76,257,72329
swi,1,coalesced,1,512,0,int,255.88,769,139946
swi,1,coalesced,1,64,0,int,252.14,97,73364
swi,1,coalesced,1,8,0,float,253.61,5,64599
swi,1,coalesced,1,8,0,int,257.86,13,65744
swi,1,coalesced,24,1,0,float,173.22,24,88524
swi,1,coalesced,256,1,0,double,162.94,0,295164
swi,1,coalesced,256,1,0,float,263.99,256,92156
swi,1,coalesced,256,1,0,int,233.53,256,147327
swi,1,coalesced,256,2,0,float,250.62,512,97526
swi,1,coalesced,256,3,0,int,114.19,1024,237925
swi,1,coalesced,256,4,0,float,253.35,768,104318
swi,1,coalesced,256,5,0,float,249.75,768,104202
swi,1,coalesced,256,6,0,float,235.57,1024,114166
swi,1,coalesced,2,1024,0,float,244.49,1026,96020
swi,1,coalesced,2,128,0,float,234.46,130,68058
swi,1,coalesced,2,128,0,long,259.8,898,154349
swi,1,coalesced,2,1515,0,float,247.34,1516,111000
swi,1,coalesced,2,159,0,double,248.44,632,353061
swi,1,coalesced,2,160,0,double,264.06,648,357248
swi,1,coalesced,2,161,0,double,248.44,640,356996
swi,1,coalesced,2,162,0,double,253.03,656,360240
swi,1,coalesced,2,16,0,float,248.69,18,65123
swi,1,coalesced,2,1,0,float,252.9,2,64496
swi,1,coalesced,2,1,0,int,253.87,2,64865
swi,1,coalesced,2,1,0,long,246.91,2,65348
swi,1,coalesced,2,214,0,long,210.97,1308,284819
swi,1,coalesced,2,215,0,long,220.5,1308,284788
swi,1,coalesced,2,256,0,float,241.48,258,72128
swi,1,coalesced,2,2,0,float,247.7,4,64605
swi,1,coalesced,2,32,0,float,250.75,34,65566
swi,1,coalesced,2,4,0,float,243.54,6,64644
swi,1,coalesced,2,505,0,int,219.15,1514,217212
swi,1,coalesced,2,512,0,float,242.95,514,80694
swi,1,coalesced,2,64,0,float,243.66,66,66104
swi,1,coalesced,2,8,0,float,255.75,10,64741
swi,1,coalesced,32,13,0,long,219.92,1300,251809
swi,1,coalesced,32,16,0,float,245.82,288,82379
swi,1,coalesced,32,1,0,float,249.93,32,72681
swi,1,coalesced,32,1,0,int,262.81,32,79671
swi,1,coalesced,32,1,0,long,264.69,32,83634
swi,1,coalesced,32,2,0,float,241.77,64,73344
swi,1,coalesced,32,31,0,int,246.48,1472,223557
swi,1,coalesced,32,32,0,float,235.18,544,92396
swi,1,coalesced,32,4,0,float,247.58,96,74134
swi,1,coalesced,32,64,0,float,239.06,1056,110678
swi,1,coalesced,32,8,0,float,252.58,160,75732
swi,1,coalesced,32,8,0,long,248.13,928,180663
swi,1,coalesced,32,92,0,float,245.27,1504,124402
swi,1,coalesced,32,93,0,float,247.64,1504,124478
swi,1,coalesced,32,9,0,double,235.62,512,324049
swi,1,coalesced,3,1009,0,float,189.1,1515,128452
swi,1,coalesced,3,1,0,float,197.78,3,73164
swi,1,coalesced,3,505,0,float,186.88,759,101074
swi,1,coalesced,3,506,0,float,194.43,762,101266
swi,1,coalesced,48,1,0,float,173.64,48,93478
swi,1,coalesced,4,106,0,long,213.81,1308,266232
swi,1,coalesced,4,107,0,long,211.64,1308,265914
swi,1,coalesced,4,128,0,float,249.75,260,71938
swi,1,coalesced,4,16,0,float,248.01,36,65477
swi,1,coalesced,4,1,0,float,243.19,4,64557
swi,1,coalesced,4,1,0,int,253.22,4,65347
swi,1,coalesced,4,1,0,long,257.46,4,66380
swi,1,coalesced,4,253,0,int,247.46,1516,217494
swi,1,coalesced,4,256,0,float,249.75,516,80352
swi,1,coalesced,4,2,0,float,249.12,8,64573
swi,1,coalesced,4,32,0,float,243.6,68,66300
swi,1,coalesced,4,4,0,float,245.39,12,64713
swi,1,coalesced,4,512,0,float,247.7,1028,96352
swi,1,coalesced,4,64,0,float,237.92,132,68069
swi,1,coalesced,4,64,0,long,258.39,900,155413
swi,1,coalesced,4,757,0,float,238.03,1516,110898
swi,1,coalesced,4,83,0,double,261.16,656,365617
swi,1,coalesced,4,8,0,float,238.6,20,64987
swi,1,coalesced,512,1,0,float,205.88,512,124745
swi,1,coalesced,512,1,0,int,181.12,512,237994
swi,1,coalesced,512,2,0,float,212.08,1024,135917
swi,1,coalesced,512,3,0,float,220.16,1024,135974
swi,1,coalesced,5,1,0,float,192.64,5,74922
swi,1,coalesced,5,603,0,float,194.02,1510,126218
swi,1,coalesced,5,604,0,float,199.64,1515,126644
swi,1,coalesced,5,605,0,float,194.93,1515,126662
swi,1,coalesced,64,15,0,int,247.09,1408,235169
swi,1,coalesced,64,1,0,float,253.74,64,68856
swi,1,coalesced,64,1,0,int,265.46,64,83145
swi,1,coalesced,64,1,0,long,262.39,64,106429
swi,1,coalesced,64,32,0,float,241.25,1088,108772
swi,1,coalesced,64,3,0,double,208.76,256,231015
swi,1,coalesced,64,45,0,float,250.87,1472,120593
swi,1,coalesced,64,4,0,long,236.01,960,202961
swi,1,coalesced,64,7,0,long,217.15,1268,279551
swi,1,coalesced,6,1,0,float,179.59,6,74493
swi,1,coalesced,6,503,0,float,174.61,1512,126733
swi,1,coalesced,7,1,0,float,188.18,7,74597
swi,1,coalesced,7,431,0,float,189.35,1512,126092
swi,1,coalesced,8,125,0,int,242.65,1496,216286
swi,1,coalesced,8,128,0,float,252.01,520,80306
swi,1,coalesced,8,16,0,float,245.63,72,66938
swi,1,coalesced,8,1,0,double,251.13,0,72027
swi,1,coalesced,8,1,0,float,246.3,8,64607
swi,1,coalesced,8,1,0,int,252.46,8,66569
swi,1,coalesced,8,1,0,long,255.42,8,70015
swi,1,coalesced,8,256,0,float,244.25,1032,96068
swi,1,coalesced,8,2,0,float,242.3,16,64730
swi,1,coalesced,8,32,0,float,250.56,136,69166
swi,1,coalesced,8,32,0,long,259.4,904,158515
swi,1,coalesced,8,377,0,float,252.9,1512,110872
swi,1,coalesced,8,38,0,double,243.48,640,349082
swi,1,coalesced,8,4,0,float,250.56,24,64956
swi,1,coalesced,8,53,0,long,212.49,1308,256417
swi,1,coalesced,8,64,0,float,251.38,264,72083
swi,1,coalesced,8,8,0,float,244.85,40,65396
swi,1,coalesced,96,1,0,float,215.84,96,119644
swi,2,coalesced,128,1,0,double,170.09,0,295275
swi,2,coalesced,128,1,0,float,248.88,256,93582
swi,2,coalesced,128,1,0,int,244.79,256,148690
swi,2,coalesced,128,1,0,long,183.31,256,245213
swi,2,coalesced,128,2,0,float,232.61,512,99571
swi,2,coalesced,128,2,0,int,186.35,1024,239335
swi,2,coalesced,128,3,0,int,212.72,1024,239546
swi,2,coalesced,128,4,0,float,243.6,768,105711
swi,2,coalesced,128,8,0,float,219.39,1280,121248
swi,2,coalesced,128,9,0,float,242.3,1280,121170
swi,2,coalesced,16,10,0,long,228.78,1152,204519
swi,2,coalesced,16,12,0,long,225.98,1332,246539
swi,2,coalesced,16,13,0,long,211.01,1300,249390
swi,2,coalesced,16,16,0,float,252.78,288,82816
swi,2,coalesced,16,16,0,int,258.19,800,159214
swi,2,coalesced,16,1,0,double,239.12,0,94665
swi,2,coalesced,16,1,0,float,251.38,32,72634
swi,2,coalesced,16,1,0,int,259.67,32,80539
swi,2,coalesced,16,1,0,long,272.4,32,85264
swi,2,coalesced,16,2,0,double,253.87,256,162953
swi,2,coalesced,16,2,0,float,234.46,64,73685
swi,2,coalesced,16,2,0,int,258.19,128,90285
swi,2,coalesced,16,2,0,long,256.01,256,111006
swi,2,coalesced,16,30,0,int,227.84,1472,224207
swi,2,coalesced,16,31,0,int,225.22,1472,224224
swi,2,coalesced,16,32,0,float,246.48,544,92618
swi,2,coalesced,16,4,0,double,238.37,384,228864
swi,2,coalesced,16,4,0,float,247.83,96,74616
swi,2,coalesced,16,4,0,int,263.5,224,98897
swi,2,coalesced,16,4,0,long,252.58,480,133561
swi,2,coalesced,16,64,0,float,246.79,1056,107846
swi,2,coalesced,16,6,0,long,262.12,704,159950
swi,2,coalesced,16,7,0,double,238.03,384,263851
swi,2,coalesced,16,7,0,long,258.46,704,159982
swi,2,coalesced,16,8,0,double,248.94,640,330295
swi,2,coalesced,16,8,0,float,240.26,160,76543
swi,2,coalesced,16,8,0,int,253.54,416,119774
swi,2,coalesced,16,8,0,long,255.62,928,182107
swi,2,coalesced,16,92,0,float,249.62,1504,121675
swi,2,coalesced,16,93,0,float,254.38,1504,121717
swi,2,coalesced,16,9,0,double,243.84,512,325771
swi,2,coalesced,1,1024,0,float,246.3,1026,101162
swi,2,coalesced,1,108,0,long,269.75,758,146492
swi,2,coalesced,1,110,0,long,258.93,772,148087
swi,2,coalesced,1,120,0,long,250.5,842,155128
swi,2,coalesced,1,128,0,double,238.26,520,299057
swi,2,coalesced,1,128,0,float,242.18,130,73743
swi,2,coalesced,1,128,0,int,257.4,386,105927
swi,2,coalesced,1,128,0,long,255.36,898,159452
swi,2,coalesced,1,140,0,long,257.59,982,167884
swi,2,coalesced,1,150,0,double,252.27,608,341413
swi,2,coalesced,1,150,0,long,259.8,1052,174550
swi,2,coalesced,1,1515,0,float,246.3,1516,116133
swi,2,coalesced,1,155,0,double,237.58,616,348443
swi,2,coalesced,1,157,0,double,246.18,624,351612
swi,2,coalesced,1,158,0,double,245.57,640,355500
swi,2,coalesced,1,159,0,double,245.33,632,355351
swi,2,coalesced,1,16,0,double,257.33,72,99436
swi,2,coalesced,1,16,0,float,246.3,18,70099
swi,2,coalesced,1,16,0,int,250.31,50,74281
swi,2,coalesced,1,16,0,long,252.65,114,81562
swi,2,coalesced,1,170,0,long,271.66,1192,188667
swi,2,coalesced,1,180,0,long,259.06,1262,195532
swi,2,coalesced,1,190,0,long,252.84,1326,204385
swi,2,coalesced,1,1,0,double,239.63,0,71392
swi,2,coalesced,1,1,0,float,252.39,2,69495
swi,2,coalesced,1,1,0,int,250.68,2,70331
swi,2,coalesced,1,1,0,long,251.44,2,70205
swi,2,coalesced,1,200,0,long,216.49,1322,241975
swi,2,coalesced,1,210,0,long,209.11,1312,260505
swi,2,coalesced,1,212,0,long,209.42,1310,267725
swi,2,coalesced,1,213,0,long,195.42,1310,267019
swi,2,coalesced,1,214,0,long,211.28,1308,290252
swi,2,coalesced,1,215,0,long,208.94,1308,289930
swi,2,coalesced,1,256,0,float,243.66,258,77881
swi,2,coalesced,1,256,0,int,258.26,770,145211
swi,2,coalesced,1,2,0,double,252.97,16,75477
swi,2,coalesced,1,2,0,float,243.07,4,69959
swi,2,coalesced,1,2,0,int,236.74,8,70486
swi,2,coalesced,1,2,0,long,247.27,16,71823
swi,2,coalesced,1,32,0,double,262.88,136,128625
swi,2,coalesced,1,32,0,float,243.84,34,70937
swi,2,coalesced,1,32,0,int,250.62,98,78755
swi,2,coalesced,1,32,0,long,259.26,226,92807
swi,2,coalesced,1,4,0,double,248.38,24,79046
swi,2,coalesced,1,4,0,float,249.75,6,70058
swi,2,coalesced,1,4,0,int,242.07,14,70958
swi,2,coalesced,1,4,0,long,250.18,30,73657
swi,2,coalesced,1,500,0,int,248.75,1502,220929
swi,2,coalesced,1,505,0,int,234.13,1514,222148
swi,2,coalesced,1,512,0,float,253.61,514,86237
swi,2,coalesced,1,64,0,double,261.64,264,191201
swi,2,coalesced,1,64,0,float,251.95,66,71156
swi,2,coalesced,1,64,0,int,262.26,194,87590
swi,2,coalesced,1,64,0,long,268.81,450,115710
swi,2,coalesced,1,79,0,double,270.27,312,217347
swi,2,coalesced,1,8,0,double,266.31,40,85822
swi,2,coalesced,1,8,0,float,252.07,10,69700
swi,2,coalesced,1,8,0,int,251.63,26,72328
swi,2,coalesced,1,8,0,long,250.75,58,76604
swi,2,coalesced,1,92,0,long,260.89,646,135306
swi,2,coalesced,256,1,0,float,207.85,512,124733
swi,2,coalesced,256,1,0,int,183.18,512,238014
swi,2,coalesced,256,2,0,float,186.98,1024,135613
swi,2,coalesced,256,3,0,float,192.52,1024,135966
swi,2,coalesced,2,106,0,long,212.9,1308,269193
swi,2,coalesced,2,107,0,long,201.2,1308,268824
swi,2,coalesced,2,128,0,float,243.84,260,77653
swi,2,coalesced,2,128,0,int,251.95,772,146226
swi,2,coalesced,2,16,0,double,265.18,144,130707
swi,2,coalesced,2,16,0,float,239.8,36,70724
swi,2,coalesced,2,16,0,int,254.0,100,78943
swi,2,coalesced,2,16,0,long,256.14,228,93833
swi,2,coalesced,2,1,0,double,254.32,0,72525
swi,2,coalesced,2,1,0,float,252.78,4,70055
swi,2,coalesced,2,1,0,int,253.29,4,70290
swi,2,coalesced,2,1,0,long,251.19,4,71686
swi,2,coalesced,2,252,0,int,250.62,1516,222559
swi,2,coalesced,2,253,0,int,239.86,1516,222514
swi,2,coalesced,2,256,0,float,247.89,516,85713
swi,2,coalesced,2,2,0,double,250.43,32,81092
swi,2,coalesced,2,2,0,float,242.24,8,69587
swi,2,coalesced,2,2,0,int,237.36,16,71543
swi,2,coalesced,2,2,0,long,252.07,32,74349
swi,2,coalesced,2,32,0,double,271.22,272,192258
swi,2,coalesced,2,32,0,float,247.46,68,72177
swi,2,coalesced,2,32,0,int,260.68,196,87877
swi,2,coalesced,2,32,0,long,257.46,452,116310
swi,2,coalesced,2,39,0,double,262.26,304,215096
swi,2,coalesced,2,4,0,double,267.02,48,88005
swi,2,coalesced,2,4,0,float,248.07,12,69580
swi,2,coalesced,2,4,0,int,248.07,28,73056
swi,2,coalesced,2,4,0,long,250.56,60,77672
swi,2,coalesced,2,512,0,float,246.6,1028,101874
swi,2,coalesced,2,54,0,long,256.8,760,147021
swi,2,coalesced,2,55,0,long,262.88,760,147018
swi,2,coalesced,2,64,0,double,252.01,528,302465
swi,2,coalesced,2,64,0,float,250.5,132,73441
swi,2,coalesced,2,64,0,int,254.58,388,105795
swi,2,coalesced,2,64,0,long,266.24,900,160783
swi,2,coalesced,2,757,0,float,242.42,1516,116085
swi,2,coalesced,2,75,0,double,248.2,592,339396
swi,2,coalesced,2,82,0,double,224.71,672,369385
swi,2,coalesced,2,83,0,double,254.77,656,368379
swi,2,coalesced,2,8,0,double,259.67,80,101634
swi,2,coalesced,2,8,0,float,243.72,20,70326
swi,2,coalesced,2,8,0,int,246.48,52,75252
swi,2,coalesced,2,8,0,long,255.23,116,82899
swi,2,coalesced,32,15,0,int,214.96,1408,233136
swi,2,coalesced,32,16,0,float,255.88,576,90113
swi,2,coalesced,32,1,0,double,261.16,0,126530
swi,2,coalesced,32,1,0,float,243.6,64,70746
swi,2,coalesced,32,1,0,int,257.06,64,84863
swi,2,coalesced,32,1,0,long,253.03,64,108121
swi,2,coalesced,32,2,0,double,208.46,512,243647
swi,2,coalesced,32,2,0,float,250.94,128,72119
swi,2,coalesced,32,2,0,int,257.2,256,104842
swi,2,coalesced,32,2,0,long,242.6,512,158543
swi,2,coalesced,32,32,0,float,255.29,1088,110142
swi,2,coalesced,32,3,0,double,234.57,256,233296
swi,2,coalesced,32,3,0,long,246.54,512,158629
swi,2,coalesced,32,45,0,float,236.96,1472,121997
swi,2,coalesced,32,4,0,double,218.57,768,365452
swi,2,coalesced,32,4,0,float,237.3,192,74052
swi,2,coalesced,32,4,0,int,259.6,448,123582
swi,2,coalesced,32,4,0,long,208.5,960,204688
swi,2,coalesced,32,5,0,double,198.6,512,355451
swi,2,coalesced,32,7,0,long,214.86,1268,270990
swi,2,coalesced,32,8,0,float,247.77,320,77696
swi,2,coalesced,32,8,0,int,259.94,832,167622
swi,2,coalesced,3,1,0,float,192.93,6,80811
swi,2,coalesced,3,503,0,float,193.27,1512,134660
swi,2,coalesced,4,125,0,int,259.06,1496,221335
swi,2,coalesced,4,128,0,float,248.38,520,85328
swi,2,coalesced,4,16,0,double,267.37,288,196473
swi,2,coalesced,4,16,0,float,237.19,72,71931
swi,2,coalesced,4,16,0,int,266.09,200,88662
swi,2,coalesced,4,16,0,long,251.95,456,118535
swi,2,coalesced,4,19,0,double,261.43,288,210146
swi,2,coalesced,4,1,0,double,247.15,0,76225
swi,2,coalesced,4,1,0,float,248.69,8,69901
swi,2,coalesced,4,1,0,int,243.19,8,71080
swi,2,coalesced,4,1,0,long,253.1,8,73173
swi,2,coalesced,4,256,0,float,246.91,1032,101397
swi,2,coalesced,4,27,0,long,255.36,736,145831
swi,2,coalesced,4,28,0,long,258.26,792,151424
swi,2,coalesced,4,2,0,double,253.74,64,92405
swi,2,coalesced,4,2,0,float,253.42,16,69662
swi,2,coalesced,4,2,0,int,252.78,32,73631
swi,2,coalesced,4,2,0,long,255.29,64,80085
swi,2,coalesced,4,32,0,double,240.61,544,305854
swi,2,coalesced,4,32,0,float,249.62,136,73695
swi,2,coalesced,4,32,0,int,262.53,392,106364
swi,2,coalesced,4,32,0,long,259.47,904,162297
swi,2,coalesced,4,36,0,double,256.41,608,335957
swi,2,coalesced,4,377,0,float,241.83,1512,116201
swi,2,coalesced,4,38,0,double,243.54,640,350204
swi,2,coalesced,4,39,0,double,256.08,608,349260
swi,2,coalesced,4,4,0,double,265.67,96,106537
swi,2,coalesced,4,4,0,float,246.54,24,69897
swi,2,coalesced,4,4,0,int,263.57,56,76204
swi,2,coalesced,4,4,0,long,255.95,120,85332
swi,2,coalesced,4,53,0,long,221.09,1308,257965
swi,2,coalesced,4,64,0,float,254.64,264,78096
swi,2,coalesced,4,64,0,int,265.67,776,146444
swi,2,coalesced,4,8,0,double,258.39,160,136291
swi,2,coalesced,4,8,0,float,249.0,40,70386
swi,2,coalesced,4,8,0,int,252.71,104,80415
swi,2,coalesced,4,8,0,long,257.99,232,97062
swi,2,coalesced,512,1,0,float,168.29,1024,190663
swi,2,coalesced,5,1,0,float,199.88,10,82499
swi,2,coalesced,5,300,0,float,193.19,1510,131244
swi,2,coalesced,5,301,0,float,190.83,1510,131190
swi,2,coalesced,64,16,0,float,252.65,1152,116770
swi,2,coalesced,64,1,0,double,217.91,0,189589
swi,2,coalesced,64,1,0,float,250.0,128,78406
swi,2,coalesced,64,1,0,int,215.19,128,105829
swi,2,coalesced,64,1,0,long,216.82,128,152491
swi,2,coalesced,64,21,0,float,241.6,1408,124599
swi,2,coalesced,64,2,0,float,243.48,256,81082
swi,2,coalesced,64,2,0,int,248.01,512,149213
swi,2,coalesced,64,2,0,long,216.12,1024,255972
swi,2,coalesced,64,3,0,long,209.81,1024,255849
swi,2,coalesced,64,4,0,float,258.73,384,84442
swi,2,coalesced,64,4,0,int,212.35,896,189080
swi,2,coalesced,64,7,0,int,204.79,1280,238434
swi,2,coalesced,64,8,0,float,250.37,640,92310
swi,2,coalesced,6,1,0,float,170.27,12,81771
swi,2,coalesced,6,250,0,float,178.69,1512,131116
swi,2,coalesced,6,251,0,float,171.85,1512,131126
swi,2,coalesced,7,1,0,float,193.64,14,82861
swi,2,coalesced,7,215,0,float,194.55,1512,130397
swi,2,coalesced,8,10,0,double,249.68,384,238702
swi,2,coalesced,8,128,0,float,246.6,1040,100985
swi,2,coalesced,8,12,0,double,262.88,448,251192
swi,2,coalesced,8,13,0,long,254.9,688,150773
swi,2,coalesced,8,14,0,double,258.06,512,281846
swi,2,coalesced,8,14,0,long,253.35,800,162094
swi,2,coalesced,8,15,0,double,232.77,448,279472
swi,2,coalesced,8,16,0,float,252.2,144,74980
swi,2,coalesced,8,16,0,int,268.6,400,108666
swi,2,coalesced,8,16,0,long,248.5,912,172561
swi,2,coalesced,8,186,0,float,250.37,1504,115495
swi,2,coalesced,8,187,0,float,256.34,1504,115455
swi,2,coalesced,8,1,0,double,246.66,0,85136
swi,2,coalesced,8,1,0,float,254.38,16,69709
swi,2,coalesced,8,1,0,int,251.19,16,73512
swi,2,coalesced,8,1,0,long,260.34,16,80537
swi,2,coalesced,8,26,0,long,221.04,1316,268193
swi,2,coalesced,8,27,0,long,210.65,1300,266320
swi,2,coalesced,8,2,0,double,254.9,128,117060
swi,2,coalesced,8,2,0,float,242.07,32,70471
swi,2,coalesced,8,2,0,int,251.95,64,78599
swi,2,coalesced,8,2,0,long,249.19,128,92975
swi,2,coalesced,8,32,0,float,245.21,272,79768
swi,2,coalesced,8,32,0,int,259.94,784,148261
swi,2,coalesced,8,4,0,double,259.33,192,149653
swi,2,coalesced,8,4,0,float,247.58,48,70815
swi,2,coalesced,8,4,0,int,262.53,112,82929
swi,2,coalesced,8,4,0,long,250.81,240,104137
swi,2,coalesced,8,62,0,int,234.13,1504,222956
swi,2,coalesced,8,63,0,int,251.44,1504,222977
swi,2,coalesced,8,64,0,float,243.07,528,85689
swi,2,coalesced,8,8,0,double,251.31,320,212111
swi,2,coalesced,8,8,0,float,240.09,80,71486
swi,2,coalesced,8,8,0,int,259.67,208,91896
swi,2,coalesced,8,8,0,long,261.57,464,128671
swi,0,coalesced,128,128,1,float,246.91,0,59453
swi,0,coalesced,128,128,20,float,238.6,0,59461
swi,0,coalesced,128,128,23,float,243.96,0,59445
swi,0,coalesced,128,128,9,float,235.84,0,59459
swi,0,coalesced,128,16,1,float,250.37,0,61163
swi,0,coalesced,128,16,9,float,233.1,0,61245
swi,0,coalesced,128,1,1,float,200.08,0,92808
swi,0,coalesced,128,1,20,float,211.5,0,92823
swi,0,coalesced,128,1,9,float,215.61,0,92791
swi,0,coalesced,128,2,1,float,237.02,0,76066
swi,0,coalesced,128,2,9,float,252.78,0,76240
swi,0,coalesced,128,32,1,float,236.74,0,60222
swi,0,coalesced,128,32,9,float,235.84,0,60243
swi,0,coalesced,128,4,1,float,247.83,0,67861
swi,0,coalesced,128,4,9,float,249.37,0,67994
swi,0,coalesced,128,64,1,float,241.19,0,59672
swi,0,coalesced,128,64,9,float,251.44,0,59682
swi,0,coalesced,128,8,1,float,244.55,0,63266
swi,0,coalesced,128,8,9,float,245.27,0,63287
swi,0,coalesced,16,16,16,float,259.94,0,59268
swi,0,coalesced,16,16,186,float,250.75,0,59848
swi,0,coalesced,16,16,189,float,244.37,0,59875
swi,0,coalesced,16,16,195,float,250.62,0,59887
swi,0,coalesced,16,16,1,float,241.72,0,59295
swi,0,coalesced,16,16,2,float,253.48,0,59279
swi,0,coalesced,16,16,32,float,246.6,0,59418
swi,0,coalesced,16,16,4,float,247.64,0,59272
swi,0,coalesced,16,16,64,float,242.36,0,59460
swi,0,coalesced,16,16,8,float,239.12,0,59290
swi,0,coalesced,16,16,94,float,245.27,0,59510
swi,0,coalesced,16,1,16,float,234.74,0,63535
swi,0,coalesced,16,1,1,float,246.3,0,63143
swi,0,coalesced,16,1,2,float,249.37,0,63592
swi,0,coalesced,16,1,32,float,241.19,0,63594
swi,0,coalesced,16,1,4,float,243.72,0,63127
swi,0,coalesced,16,1,64,float,242.71,0,63330
swi,0,coalesced,16,1,8,float,240.84,0,63145
swi,0,coalesced,16,2,16,float,247.09,0,61128
swi,0,coalesced,16,2,1,float,252.01,0,61109
swi,0,coalesced,16,2,2,float,244.61,0,61091
swi,0,coalesced,16,2,32,float,240.21,0,61134
swi,0,coalesced,16,2,4,float,246.79,0,61086
swi,0,coalesced,16,2,64,float,248.26,0,61145
swi,0,coalesced,16,2,8,float,241.42,0,61157
swi,0,coalesced,16,4,16,float,249.31,0,60110
swi,0,coalesced,16,4,1,float,242.07,0,60037
swi,0,coalesced,16,4,2,float,247.58,0,60096
swi,0,coalesced,16,4,32,float,244.31,0,60139
swi,0,coalesced,16,4,4,float,239.92,0,60106
swi,0,coalesced,16,4,64,float,246.24,0,60247
swi,0,coalesced,16,4,8,float,243.01,0,60119
swi,0,coalesced,16,8,16,float,248.2,0,59563
swi,0,coalesced,16,8,1,float,243.3,0,59490
swi,0,coalesced,16,8,2,float,242.71,0,59497
swi,0,coalesced,16,8,32,float,244.02,0,59580
swi,0,coalesced,16,8,4,float,244.73,0,59537
swi,0,coalesced,16,8,64,float,245.76,0,59766
swi,0,coalesced,16,8,8,float,243.66,0,59517
swi,0,coalesced,1,1,1024,float,272.92,0,59370
swi,0,coalesced,1,1,128,float,265.6,0,59519
swi,0,coalesced,1,1,1515,float,266.38,0,59343
swi,0,coalesced,1,1,1516,float,264.48,0,59366
swi,0,coalesced,1,1,1,float,274.12,0,59232
swi,0,coalesced,1,1,2048,float,265.11,0,59326
swi,0,coalesced,1,1,256,float,263.08,0,60125
swi,0,coalesced,1,1,3030,float,259.87,0,59301
swi,0,coalesced,1,1,3032,float,256.87,0,59352
swi,0,coalesced,1,1,512,float,253.93,0,61072
swi,0,coalesced,1,1,64,float,266.52,0,59433
swi,0,coalesced,1,1,757,float,264.62,0,59309
swi,0,coalesced,1,1,8,float,255.29,0,59316
swi,0,coalesced,256,128,1,float,252.71,0,59690
swi,0,coalesced,256,16,1,float,244.61,0,63232
swi,0,coalesced,256,1,1,float,176.86,0,127018
swi,0,coalesced,256,1,4,float,170.82,0,127017
swi,0,coalesced,256,256,11,float,242.42,0,59477
swi,0,coalesced,256,256,1,float,247.4,0,59453
swi,0,coalesced,256,256,4,float,243.84,0,59444
swi,0,coalesced,256,2,1,float,214.96,0,92814
swi,0,coalesced,256,32,1,float,236.79,0,61108
swi,0,coalesced,256,4,1,float,237.86,0,76179
swi,0,coalesced,256,64,1,float,238.49,0,60275
swi,0,coalesced,256,8,1,float,254.64,0,67844
swi,0,coalesced,2,1,128,float,244.2,0,59867
swi,0,coalesced,2,1,1515,float,245.76,0,59680
swi,0,coalesced,2,1,1516,float,257.53,0,59663
swi,0,coalesced,2,1,16,float,240.61,0,59624
swi,0,coalesced,2,1,1,float,253.8,0,59495
swi,0,coalesced,2,1,256,float,246.73,0,60485
swi,0,coalesced,2,1,2,float,240.21,0,59534
swi,0,coalesced,2,1,32,float,251.95,0,59604
swi,0,coalesced,2,1,4,float,247.21,0,59506
swi,0,coalesced,2,1,512,float,247.03,0,61326
swi,0,coalesced,2,1,64,float,246.6,0,59821
swi,0,coalesced,2,1,757,float,243.07,0,59642
swi,0,coalesced,2,1,8,float,244.2,0,59535
swi,0,coalesced,2,2,128,float,241.08,0,59652
swi,0,coalesced,2,2,1514,float,250.12,0,59426
swi,0,coalesced,2,2,1515,float,250.25,0,59380
swi,0,coalesced,2,2,1516,float,246.24,0,59370
swi,0,coalesced,2,2,16,float,246.18,0,59278
swi,0,coalesced,2,2,1,float,242.07,0,59300
swi,0,coalesced,2,2,256,float,249.75,0,60195
swi,0,coalesced,2,2,2,float,247.27,0,59274
swi,0,coalesced,2,2,32,float,253.61,0,59403
swi,0,coalesced,2,2,4,float,245.45,0,59298
swi,0,coalesced,2,2,512,float,245.39,0,61086
swi,0,coalesced,2,2,64,float,252.46,0,59485
swi,0,coalesced,2,2,757,float,241.72,0,59318
swi,0,coalesced,2,2,8,float,239.75,0,59289
swi,0,coalesced,32,16,1,float,244.08,0,59508
swi,0,coalesced,32,16,45,float,241.19,0,59751
swi,0,coalesced,32,1,1,float,244.55,0,67232
swi,0,coalesced,32,1,45,float,240.32,0,67450
swi,0,coalesced,32,2,1,float,248.81,0,63117
swi,0,coalesced,32,2,45,float,245.57,0,63282
swi,0,coalesced,32,32,1,float,248.44,0,59293
swi,0,coalesced,32,32,45,float,241.02,0,59513
swi,0,coalesced,32,32,94,float,248.26,0,59547
swi,0,coalesced,32,4,1,float,242.83,0,61139
swi,0,coalesced,32,4,45,float,249.43,0,61309
swi,0,coalesced,32,8,1,float,249.06,0,60055
swi,0,coalesced,32,8,45,float,253.22,0,60270
swi,0,coalesced,4,1,128,float,234.13,0,60329
swi,0,coalesced,4,1,16,float,232.01,0,60078
swi,0,coalesced,4,1,1,float,241.54,0,60049
swi,0,coalesced,4,1,256,float,240.32,0,60860
swi,0,coalesced,4,1,2,float,246.79,0,60049
swi,0,coalesced,4,1,32,float,242.77,0,60156
swi,0,coalesced,4,1,377,float,234.68,0,61277
swi,0,coalesced,4,1,4,float,253.48,0,60039
swi,0,coalesced,4,1,64,float,247.64,0,60337
swi,0,coalesced,4,1,8,float,252.78,0,60057
swi,0,coalesced,4,2,128,float,247.34,0,59818
swi,0,coalesced,4,2,16,float,235.73,0,59568
swi,0,coalesced,4,2,1,float,245.57,0,59532
swi,0,coalesced,4,2,256,float,252.27,0,60428
swi,0,coalesced,4,2,2,float,248.88,0,59515
swi,0,coalesced,4,2,32,float,253.16,0,59585
swi,0,coalesced,4,2,377,float,244.43,0,60743
swi,0,coalesced,4,2,4,float,242.54,0,59579
swi,0,coalesced,4,2,64,float,246.54,0,59761
swi,0,coalesced,4,2,8,float,244.67,0,59517
swi,0,coalesced,4,4,128,float,238.66,0,59643
swi,0,coalesced,4,4,16,float,243.42,0,59241
swi,0,coalesced,4,4,1,float,237.3,0,59273
swi,0,coalesced,4,4,256,float,247.15,0,60173
swi,0,coalesced,4,4,2,float,246.73,0,59266
swi,0,coalesced,4,4,32,float,244.02,0,59416
swi,0,coalesced,4,4,377,float,244.2,0,60528
swi,0,coalesced,4,4,4,float,246.12,0,59267
swi,0,coalesced,4,4,64,float,244.85,0,59499
swi,0,coalesced,4,4,754,float,241.48,0,59318
swi,0,coalesced,4,4,757,float,231.48,0,59353
swi,0,coalesced,4,4,758,float,243.66,0,59372
swi,0,coalesced,4,4,8,float,241.08,0,59293
swi,0,coalesced,512,128,1,float,252.33,0,60257
swi,0,coalesced,512,16,1,float,251.31,0,67817
swi,0,coalesced,512,1,1,float,153.35,0,200557
swi,0,coalesced,512,256,1,float,247.46,0,59671
swi,0,coalesced,512,2,1,float,200.08,0,126882
swi,0,coalesced,512,32,1,float,236.68,0,63242
swi,0,coalesced,512,4,1,float,214.73,0,92757
swi,0,coalesced,512,512,1,float,241.77,0,59432
swi,0,coalesced,512,512,5,float,242.3,0,59509
swi,0,coalesced,512,64,1,float,236.23,0,61068
swi,0,coalesced,512,8,1,float,234.85,0,76190
swi,0,coalesced,64,16,1,float,243.3,0,60177
swi,0,coalesced,64,16,21,float,243.19,0,60243
swi,0,coalesced,64,1,1,float,247.09,0,76153
swi,0,coalesced,64,1,21,float,244.85,0,76286
swi,0,coalesced,64,2,1,float,241.08,0,67873
swi,0,coalesced,64,2,21,float,241.25,0,67905
swi,0,coalesced,64,32,1,float,240.32,0,59689
swi,0,coalesced,64,32,21,float,245.03,0,59761
swi,0,coalesced,64,4,1,float,241.77,0,63244
swi,0,coalesced,64,4,21,float,253.22,0,63258
swi,0,coalesced,64,64,1,float,254.19,0,59306
swi,0,coalesced,64,64,21,float,250.0,0,59320
swi,0,coalesced,64,64,47,float,246.18,0,59460
swi,0,coalesced,64,8,1,float,240.61,0,61232
swi,0,coalesced,64,8,21,float,243.6,0,61277
swi,0,coalesced,8,1,128,float,244.49,0,61335
swi,0,coalesced,8,1,16,float,242.83,0,61093
swi,0,coalesced,8,1,186,float,244.2,0,61586
swi,0,coalesced,8,1,1,float,249.31,0,61092
swi,0,coalesced,8,1,2,float,245.7,0,61148
swi,0,coalesced,8,1,32,float,253.87,0,61212
swi,0,coalesced,8,1,4,float,243.19,0,61087
swi,0,coalesced,8,1,64,float,245.82,0,61251
swi,0,coalesced,8,1,8,float,254.32,0,61087
swi,0,coalesced,8,2,128,float,246.54,0,60414
swi,0,coalesced,8,2,16,float,238.66,0,60035
swi,0,coalesced,8,2,186,float,247.03,0,60677
swi,0,coalesced,8,2,1,float,245.21,0,60092
swi,0,coalesced,8,2,2,float,252.07,0,60058
swi,0,coalesced,8,2,32,float,240.21,0,60099
swi,0,coalesced,8,2,4,float,246.6,0,60078
swi,0,coalesced,8,2,64,float,235.68,0,60272
swi,0,coalesced,8,2,8,float,248.38,0,60057
swi,0,coalesced,8,4,128,float,239.06,0,59861
swi,0,coalesced,8,4,16,float,240.73,0,59650
swi,0,coalesced,8,4,186,float,240.9,0,60150
swi,0,coalesced,8,4,1,float,235.68,0,59539
swi,0,coalesced,8,4,2,float,243.84,0,59568
swi,0,coalesced,8,4,32,float,240.21,0,59628
swi,0,coalesced,8,4,4,float,249.12,0,59514
swi,0,coalesced,8,4,64,float,243.13,0,59757
swi,0,coalesced,8,4,8,float,249.43,0,59509
swi,0,coalesced,8,8,128,float,247.77,0,59559
swi,0,coalesced,8,8,16,float,248.69,0,59281
swi,0,coalesced,8,8,186,float,237.75,0,59882
swi,0,coalesced,8,8,1,float,242.77,0,59290
swi,0,coalesced,8,8,2,float,247.4,0,59297
swi,0,coalesced,8,8,32,float,238.54,0,59364
swi,0,coalesced,8,8,377,float,231.96,0,60541
swi,0,coalesced,8,8,379,float,237.41,0,60561
swi,0,coalesced,8,8,4,float,252.65,0,59278
swi,0,coalesced,8,8,64,float,240.38,0,59446
swi,0,coalesced,8,8,8,float,247.7,0,59261
